<?xml version="1.0" encoding="UTF-8" standalone="yes"?>
<project>
  <after_export></after_export>
  <allocate_ids></allocate_ids>
  <annotatedemail>
    <email_subject>Correction de votre test blanc d'algèbre linéaire</email_subject>
    <email_text>Bonjour, 

Veuillez trouvez ci-jointe la correction de votre test blanc. 

Pour toute question relative à votre copie, n'hésitez pas à contacter votre enseignant. 

Bonne réception.</email_text>
    <email_use_html></email_use_html>
  </annotatedemail>
  <annote_position>marges</annote_position>
  <annote_rtl></annote_rtl>
  <assoc_code>&lt;preassoc&gt;</assoc_code>
  <auto_capture_mode>0</auto_capture_mode>
  <code_examen></code_examen>
  <cr>cr</cr>
  <data>data</data>
  <doc_catalog>EXAM-catalog.pdf</doc_catalog>
  <doc_indiv_solution>DOC-indiv-solution.pdf</doc_indiv_solution>
  <doc_question>EXAM-sujet.pdf</doc_question>
  <doc_setting>EXAM-calage.xy</doc_setting>
  <doc_solution>EXAM-corrige.pdf</doc_solution>
  <email_col>EMAIL</email_col>
  <encodage_csv>UTF-8</encodage_csv>
  <encodage_liste>UTF-8</encodage_liste>
  <export_csv_columns>ID,SCIPER,NAME,SECTION,EMAIL</export_csv_columns>
  <export_csv_separateur>;</export_csv_separateur>
  <export_csv_ticked>AB</export_csv_ticked>
  <export_include_abs>1</export_include_abs>
  <export_ncols>2</export_ncols>
  <export_ods_columns>student.copy,student.key,student.name</export_ods_columns>
  <export_ods_group>0</export_ods_group>
  <export_ods_groupsep>.</export_ods_groupsep>
  <export_ods_stats></export_ods_stats>
  <export_ods_statsindic></export_ods_statsindic>
  <export_pagesize>a4</export_pagesize>
  <export_sort>l</export_sort>
  <filter>latex</filter>
  <filtered_source>EXAM-filtered.tex</filtered_source>
  <format_export>CSV</format_export>
  <liste_key>ID</liste_key>
  <listeetudiants>%PROJET/students2.csv</listeetudiants>
  <maj_bareme>0</maj_bareme>
  <modele_regroupement>(N)_(SCIPER)_(ID).pdf</modele_regroupement>
  <moteur_latex_b>pdflatex</moteur_latex_b>
  <name_field_type></name_field_type>
  <nom_examen></nom_examen>
  <nombre_copies>0</nombre_copies>
  <note_arrondi>normal</note_arrondi>
  <note_grain>0.25</note_grain>
  <note_max>6</note_max>
  <note_max_plafond>1</note_max_plafond>
  <note_min>1</note_min>
  <note_null>0</note_null>
  <notes>notes-common.xml</notes>
  <pdf_password></pdf_password>
  <pdf_password_key></pdf_password_key>
  <pdf_password_use></pdf_password_use>
  <pdfform>0</pdfform>
  <postcorrect_copy>0</postcorrect_copy>
  <postcorrect_set_multiple></postcorrect_set_multiple>
  <postcorrect_student>0</postcorrect_student>
  <regroupement_compose>2</regroupement_compose>
  <regroupement_copies>SELECTED</regroupement_copies>
  <regroupement_type>STUDENTS</regroupement_type>
  <seuil>0.007</seuil>
  <seuil_up>1</seuil_up>
  <subjectemail>
    <email_subject>Exam questions</email_subject>
    <email_text>Please find enclosed your question sheet.
Regards.</email_text>
    <email_use_html></email_use_html>
  </subjectemail>
  <texsrc>%PROJET/exam.tex</texsrc>
  <verdict>%(ID)
Score: %S/%M</verdict>
  <verdict_q>&quot;%s/%m&quot;</verdict_q>
  <verdict_qc>&quot;X&quot;</verdict_qc>
</project>
