ID,SCIPER,NAME,SECTION,EMAIL,STATUS
A-1,379670,Imstepf Nathan,SC,nathan.imstepf@epfl.ch,OK
A-2,380334,Mota Chalier Yoakim,GC,yoakim.motachalier@epfl.ch,OK
A-3,355776,Oliveira Ribeiro Carolina,SC,carolina.oliveiraribeiro@epfl.ch,OK
A-4,379293,Villiger Manuel,SIE,manuel.villiger@epfl.ch,OK
1,373457,Abboud Christian,SIE,christian.abboud@epfl.ch,OK
2,361084,Airad Wiam,GC,wiam.airad@epfl.ch,OK
3,378685,Akel Margot,GC,margot.akel@epfl.ch,OK
4,378943,Alalouf Alexandre,SC,alexandre.alalouf@epfl.ch,OK
5,378944,Alami-Sounni Kenza,SIE,kenza.alami-sounni@epfl.ch,OK
6,375331,Alfonsi Antoine,SIE,antoine.alfonsi@epfl.ch,OK
